INSERT INTO Role (role_id, role_name)
	 VALUES 
		 (1, 'Admin'),
		 (2, 'Professor'),
		 (3, 'Student');

INSERT INTO Usr (username, first_name, last_name, pswrd, usr_role) 
	 VALUES	 
		 ('admin1', 'Crescy', 'Kamdem', 'UHDEMzfai', 1),
		 ('admin2', 'Francine', 'Kengne', '9x09jcDqxD', 1),
		 ('Olietch', 'Olivier', 'Lietchi', 'cck4WgTJ7', 2),
		 ('rv2dieu', 'Herve', 'Dedieu', '4WqqXlWS0', 2),
		 ('diMaria', 'Nelson', 'Nana', 'MYUSr0EEM8', 2),
		 ('grafilotics', 'Marcel', 'Graff', '123456', 2),
		 ('elis@', 'Elisa', 'Muller', '1234564', 2),
		 ('marcosR', 'Marcos', 'Rubinstein', 'M1234568', 2),
		 ('seyree0', 'Sileas', 'Eyree', '0oZmIaQ', 3),
		 ('meddoes1', 'Marlin', 'Eddoes', 'cJkWWOE8cy', 3),
		 ('klope2', 'Kania', 'Lope', 'yKWSsE3WaXra', 3),
		 ('jheibl3', 'Joly', 'Heibl', 'uRvXrj', 3),
		 ('ecroll4', 'Eveleen', 'Croll', '0IW2eJsmvmdN', 3),
		 ('ipindell5', 'Isac', 'Pindell', 'PUEIHf', 3),
		 ('bmccluskey6', 'Beatrisa', 'McCluskey', 'IaH4CK', 3),
		 ('mmarflitt7', 'Marla', 'Marflitt', 'c8vLg4m4V6m', 3),
		 ('tbavister8', 'Teddi', 'Bavister', 'wYslaX1ccps', 3),
		 ('kdufaur9', 'Kristin', 'Dufaur', 'uWdEYnzI6', 3),
		 ('omadrella', 'Olva', 'Madrell', 'Yswwot7', 3),
		 ('cpopescub', 'Charmane', 'Popescu', 'OrJPCH', 3),
		 ('lbeadelld', 'Leigha', 'Beadell', 'iahAYukcqVV', 3),
		 ('etrimmillc', 'Elie', 'Trimmill', 'aeR95eH1', 3),
		 ('cthistletone', 'Codi', 'Thistleton', 'Dt2P625gUYkN', 3),
		 ('kmccumeskyf', 'Karney', 'McCumesky', 'ciDhe84B2kv', 3),
		 ('dmincig', 'Dreddy', 'Minci', 'QvmzHF7', 3),
		 ('mbassanoh', 'Moss', 'Bassano', 'IlcV46VZrm', 3),
		 ('cberryanni', 'Codi', 'Berryann', 'dxFVGG48wq', 3),
		 ('kstedallj', 'Keith', 'Stedall', 'iFH3HYsDwbos', 3),
		 ('aholbyk', 'Antonius', 'Holby', 'eZrTYf2NI4m', 3),
		 ('kgouldstonel', 'Kilian', 'Gouldstone', 'PCrg6Ga', 3),
		 ('gbasnallm', 'Goldina', 'Basnall', 'KpvortrjF', 3),
		 ('ngreenn', 'Nicolis', 'Green', 'VcSWWT', 3),
		 ('kmartelo', 'Karine', 'Martel', 'CJ7zbt1yM4U6', 3),
		 ('sstanhopep', 'See', 'Stanhope', 'EuAQZIe3G', 3),
		 ('jmuffordq', 'Joan', 'Mufford', 'eTlJ04T3Ivp', 3),
		 ('ktuttiettr', 'Karie', 'Tuttiett', 'UQTF1Q', 3),
		 ('citskovitzs', 'Charlton', 'Itskovitz', 'hjlOTBSn', 3),
		 ('dbennst', 'Doris', 'Benns', 'mbjfO6yQ', 3),
		 ('smannau', 'Sheree', 'Manna', '7dEgDr4Nl', 3),
		 ('mweighellv', 'Maurine', 'Weighell', '6Ncqy9wVzYkp', 3),
		 ('rheavysidew', 'Reggie', 'Heavyside', 'qEdD9Pc8th7s', 3),
		 ('dtrippettx', 'Dorena', 'Trippett', '7f5gcqcf9nhJ', 3),
		 ('pbutteny', 'Pascal', 'Butten', 'NRKdBUL', 3),
		 ('dabramamovz', 'Dalis', 'Abramamov', 'psVCZA', 3),
		 ('dteenan10', 'Dimitry', 'Teenan', 'RJXvR1y5Li', 3),
		 ('bibert11', 'Barbette', 'Ibert', '5KjyJD', 3),
		 ('cbateup12', 'Cole', 'Bateup', 'WN4e8gd6h', 3),
		 ('aharm13', 'Aeriel', 'Harm', 'OpwTTTPKjF', 3),
		 ('cprinnett14', 'Charin', 'Prinnett', 'fzyyd0wOeseI', 3),
		 ('ksheehy15', 'Kahlil', 'Sheehy', 'LvglpvzHtJ', 3),
		 ('kmurley16', 'Kendell', 'Murley', '9NblfbzGaV', 3),
		 ('gkeaves17', 'Gregoire', 'Keaves', 'NelLng', 3),
		 ('pprop18', 'Putnem', 'Prop', 'MRFTiaTUv', 3),
		 ('elissett19', 'Elle', 'Lissett', 'Zi0qnQv', 3),
		 ('gkilshaw1a', 'Gweneth', 'Kilshaw', '4lTvNfHm1', 3),
		 ('mkembry1b', 'Myrtie', 'Kembry', 'SQvyo5E', 3),
		 ('kivkovic1c', 'Karlis', 'Ivkovic', 'SXtZg9smdPs', 3),
		 ('achown1d', 'Aura', 'Chown', 'dwqT9hV5', 3),
		 ('elatch1e', 'Evita', 'Latch', 'KbHvxQ0Z0D6B', 3),
		 ('rkersley1f', 'Rube', 'Kersley', 'gWAFCv4Lqk', 3),
		 ('zrispin1g', 'Zaneta', 'Rispin', 'i95Dug2', 3),
		 ('etregoning1h', 'Elberta', 'Tregoning', 'FzeUGN', 3),
		 ('vtilt1i', 'Vern', 'Tilt', 'Vm0gw06hg9r4', 3),
		 ('hcoch1j', 'Harbert', 'Coch', 'yxzq1jZf', 3),
		 ('bbiddiss1k', 'Barbabas', 'Biddiss', 'tb6iWjZbAfp', 3),
		 ('rrhelton1l', 'Rockie', 'Rhelton', 'DDMBVQ6A', 3),
		 ('ufirmager1m', 'Ula', 'Firmager', 'YB9MXaH', 3),
		 ('fcassedy1n', 'Fowler', 'Cassedy', 'n4LZyz95hD', 3),
		 ('hcanadas1o', 'Hildagard', 'Canadas', 'ZlCF2F', 3),
		 ('rschoenfisch1p', 'Raynell', 'Schoenfisch', 'Z3mBJtQ', 3),
		 ('gambrogio1q', 'Garwin', 'Ambrogio', 'r7TPiR', 3),
		 ('gjaskowicz1r', 'Graig', 'Jaskowicz', 'GxJr8H6sl', 3),
		 ('ccicchetto1s', 'Cyrille', 'Cicchetto', '5LG6WdqK4BbL', 3),
		 ('ocammidge1t', 'Obediah', 'Cammidge', '0BUbzW8ohvxT', 3),
		 ('psarginson1u', 'Packston', 'Sarginson', 'eDTY2MTmByo', 3),
		 ('tshackesby1v', 'Trula', 'Shackesby', 'riYCWKsXg2', 3),
		 ('aeldrid1w', 'Anderson', 'Eldrid', 'yiN0mPk4', 3),
		 ('cgornal1x', 'Corri', 'Gornal', '8aHJnsmOj', 3),
		 ('kbetteson1y', 'Kristos', 'Betteson', '3rEOMnf5s', 3),
		 ('clightoller1z', 'Cosmo', 'Lightoller', '8g5CdK', 3),
		 ('pwidd20', 'Perkin', 'Widd', '4NQ1RwYfC', 3),
		 ('ldefries21', 'Linnet', 'Defries', 'AdY6NJ', 3),
		 ('rtommaseo22', 'Romain', 'Tommaseo', '9khIBkJcTszb', 3),
		 ('gknapper23', 'Gilberte', 'Knapper', 'aG1cGV', 3),
		 ('grawstorne24', 'Gaby', 'Rawstorne', 'scQUGXvI', 3),
		 ('mtreves25', 'Matthiew', 'Treves', 'Iw4W006M', 3),
		 ('estone26', 'Emlynn', 'Stone', 'XBe5UV0HL', 3),
		 ('kcodeman27', 'Katherina', 'Codeman', 'hnJOTnAPnpD', 3),
		 ('bskocroft28', 'Baron', 'Skocroft', 'N5Et7J2c', 3),
		 ('bfurzer29', 'Blaine', 'Furzer', 'BmKIznRr', 3),
		 ('bwaud2a', 'Burl', 'Waud', 'pPr769ONu', 3),
		 ('ijaulmes2b', 'Israel', 'Jaulmes', 'soXrpkadt63a', 3),
		 ('rantonat2c', 'Rozanna', 'Antonat', '1HoML64Z', 3),
		 ('mdingley2d', 'Matteo', 'Dingley', 'Qto03QW', 3),
		 ('tmuino2e', 'Torry', 'Muino', 'YvmC4OF02f', 3),
		 ('mdunnett2f', 'Marianna', 'Dunnett', 'eKBsAHq5WPhV', 3),
		 ('tantonescu2g', 'Tasha', 'Antonescu', 'rOwxH8', 3),
		 ('lmerill2h', 'Langston', 'Merill', 'hyRcYQE', 3),
		 ('vhalms2i', 'Viola', 'Halms', 'P4ycy9Us', 3),
		 ('inovik2j', 'Ignacio', 'Novik', 'ERHgzKI', 3),
		 ('morthmann2k', 'Mireille', 'Orthmann', 'EcxUle9m', 3),
		 ('sfenna2l', 'Salvidor', 'Fenna', 'saYZLIMwpv', 3),
		 ('mubsdell2m', 'Morganne', 'Ubsdell', 'WFOBGQEATS3', 3),
		 ('csign2n', 'Cleo', 'Sign', 'pv4RFEC', 3),
		 ('vberard2o', 'Vanny', 'Berard', 'avXnwu2ye', 3),
		 ('nseeley2p', 'Nikolos', 'Seeley', '0ZC5Nxu7IkV4', 3),
		 ('dposnette2q', 'Dame', 'Posnette', 'ezYstT', 3),
		 ('dsedgwick2r', 'Dave', 'Sedgwick', 'WgkOrv', 3),
		 ('klindenblatt2s', 'Katinka', 'Lindenblatt', '0DT9BMlAyu', 3),
		 ('hfransoni2t', 'Heloise', 'Fransoni', 'SrLKuf6Q8Z4', 3),
		 ('mduxbarry2u', 'Major', 'Duxbarry', '26ug27LQ', 3),
		 ('pparman2v', 'Pen', 'Parman', 'fEb3KYR', 3),
		 ('bpargiter2w', 'Barri', 'Pargiter', 'djtj5TcEK', 3),
		 ('btyrwhitt2x', 'Buck', 'Tyrwhitt', 'bAuQKVdH28I7', 3),
		 ('pros2y', 'Poppy', 'Ros', 'hGlbMkp', 3),
		 ('lclarkson2z', 'Lionello', 'Clarkson', 'IKOOLgH', 3),
		 ('lcasin30', 'Lawry', 'Casin', 'pBPtA7OgINMN', 3),
		 ('lhug31', 'Liesa', 'Hug', 'z0FBOI3nc6A', 3),
		 ('tmordie32', 'Theo', 'Mordie', 'mXIvwk6KVyj', 3),
		 ('kmctague33', 'Katrina', 'McTague', 'wPfnpf', 3),
		 ('ptrorey34', 'Porter', 'Trorey', 'ZeyJXr', 3),
		 ('mgeke35', 'Max', 'Geke', 'MeHzOeMSpu', 3),
		 ('ltoal36', 'Lexi', 'Toal', 'ZFO1nx7w', 3),
		 ('tgosnold37', 'Toddy', 'Gosnold', 'UiyEaSaTB5F', 3),
		 ('granald38', 'Gustave', 'Ranald', 'xlFKU0', 3),
		 ('ealberts39', 'Eveline', 'Alberts', 'uU1TG5e2', 3),
		 ('bjeffress3a', 'Brice', 'Jeffress', 'k3kSwKo6Y3L', 3),
		 ('mvurley3b', 'Mathian', 'Vurley', 'QUWxFO5', 3),
		 ('idrillot3c', 'Irene', 'Drillot', 'H0Aw4D8', 3),
		 ('bwaud3d', 'Blythe', 'Waud', 'Sh5HJmu68b', 3),
		 ('iarmatage3e', 'Isacco', 'Armatage', 'kcwHky1keO', 3),
		 ('gleport3f', 'Gav', 'Le Port', 'i38W4Bg5PiF', 3),
		 ('aaronsohn3g', 'Andreas', 'Aronsohn', 'Kj6ofP6fH', 3),
		 ('lcarr3h', 'Lianne', 'Carr', 'ViWYJ4y', 3),
		 ('cmaccartan3i', 'Chuck', 'MacCartan', 'npCzF7Cma', 3),
		 ('icelloni3j', 'Inglebert', 'Celloni', 'EqsQXCp2OJa', 3),
		 ('mshaddick3k', 'Mickie', 'Shaddick', 'drTW6VILYAdG', 3),
		 ('akeepe3l', 'Amargo', 'Keepe', 'eLBfwblb9Qc', 3),
		 ('lcathenod3m', 'Livvyy', 'Cathenod', '3wCAoZed', 3),
		 ('tlagen3n', 'Tara', 'Lagen', 'hZdSWbEN', 3),
		 ('dwalcot3o', 'Doria', 'Walcot', 'UfqmCbdb8', 3),
		 ('mhoogendorp3p', 'Man', 'Hoogendorp', 'mhuzEc7', 3),
		 ('ppioli3q', 'Page', 'Pioli', 'jvoQEADKOMkE', 3),
		 ('fdelyth3r', 'Fredericka', 'Delyth', 'mwsnw3l95I', 3),
		 ('twealleans3s', 'Tabbie', 'Wealleans', 'wLmtvBN', 3),
		 ('rscougal3t', 'Renie', 'Scougal', '0k28HvmBQ3M', 3),
		 ('fkoppens3u', 'Fredra', 'Koppens', 'uFtGpwo0', 3),
		 ('gchalice3v', 'Garrard', 'Chalice', 'fE7yQ0', 3),
		 ('zisham3w', 'Zelda', 'Isham', 'DKf6FYUwz', 3),
		 ('agoady3x', 'Augustin', 'Goady', 'op7bw3z', 3),
		 ('bmccarrick3y', 'Britt', 'Mc Carrick', 'fmtpAnV9LdX', 3),
		 ('cjamieson3z', 'Chick', 'Jamieson', 'ZjPXKLyC6P3', 3),
		 ('aarmytage40', 'Arnuad', 'Armytage', 'pl4pU2J6s', 3),
		 ('cmacwhirter41', 'Constancia', 'MacWhirter', 'MLUe8H0f', 3),
		 ('psollner42', 'Phaedra', 'Sollner', 'IdjZzouTcAF', 3),
		 ('icockshoot43', 'Isaiah', 'Cockshoot', 'sbJRknegj', 3),
		 ('mgodehardsf44', 'Merrie', 'Godehard.sf', 'TB5orh', 3),
		 ('dcrossgrove45', 'Dixie', 'Crossgrove', '7pe3HVvGe2', 3),
		 ('akohn46', 'Armand', 'Kohn', 'buLQwgUgf', 3),
		 ('nmewburn47', 'Nicola', 'Mewburn', 'KKElSxuB', 3),
		 ('calfonsini48', 'Corry', 'Alfonsini', 'H0GZuV', 3),
		 ('spaolazzi49', 'Sterling', 'Paolazzi', 'UeZSXldG', 3),
		 ('bcalloway4a', 'Bryanty', 'Calloway', 'WO7Crjnr0i4X', 3),
		 ('rboise4b', 'Ravid', 'Boise', 'CThRJOBP7ln', 3),
		 ('jwalden4c', 'Juliet', 'Walden', '01n6do', 3),
		 ('sbayless4d', 'Sileas', 'Bayless', 'vBe1dZOwoY2', 3),
		 ('cbrach4e', 'Cairistiona', 'Brach', '5FoVe1ZJD', 3),
		 ('lculleton4f', 'Linzy', 'Culleton', '1u3YgLrmMyES', 3),
		 ('veat4g', 'Valerye', 'Eat', 'ZJ5YsrkZhkB', 3),
		 ('rbrookbank4h', 'Riley', 'Brookbank', 'j9bRfI00', 3),
		 ('gbifield4i', 'Gertruda', 'Bifield', 'utHtQLXM8', 3),
		 ('cpadfield4j', 'Chrotoem', 'Padfield', 'jINcuVwGq', 3),
		 ('eclaesens4k', 'Erina', 'Claesens', '0SvcwgVl', 3),
		 ('ibodechon4l', 'Ignacio', 'Bodechon', 'IwjaMF', 3),
		 ('akynd4m', 'Antonella', 'Kynd', 'YMizCH0', 3),
		 ('ecastel4n', 'Eadie', 'Castel', 'pe6A9Z2d', 3),
		 ('skeighley4o', 'Steffane', 'Keighley', 'Xb8s7iS', 3),
		 ('klighten4p', 'Kip', 'Lighten', 'BrhEEiAlfrpR', 3),
		 ('dloughney4q', 'Darrelle', 'Loughney', 'HJJsla', 3),
		 ('fflowerden4r', 'Filide', 'Flowerden', 'UldjR3o', 3),
		 ('kharmond4s', 'Keven', 'Harmond', 'usQdEWJeLhY', 3),
		 ('mdarwin4t', 'Max', 'Darwin', 'OpLlOiA', 3),
		 ('msiegertsz4u', 'Moore', 'Siegertsz', 'MTL0Kg', 3),
		 ('gurien4v', 'Gennie', 'Urien', 'zROdJnxGxkC', 3),
		 ('awawer4w', 'Augustin', 'Wawer', 'f16h49a', 3),
		 ('ahallows4x', 'Aldin', 'Hallows', 'VgDKi9Ys6k', 3),
		 ('bwomack4y', 'Boniface', 'Womack', 'lCriAlI', 3),
		 ('bwasielewski4z', 'Buddy', 'Wasielewski', 'L3uBLcs', 3),
		 ('cbotwright50', 'Cordula', 'Botwright', 'dmYTAZ', 3),
		 ('bstollery51', 'Blaine', 'Stollery', 'gHnCqZ', 3),
		 ('mbarrows52', 'Michael', 'Barrows', 'XJoreLFbu', 3),
		 ('mendley53', 'Melicent', 'Endley', 'pLzGXKs5fv', 3),
		 ('ecristofolini54', 'Ealasaid', 'Cristofolini', 'i4Crq7Om', 3),
		 ('ngerhardt55', 'Nedda', 'Gerhardt', 'KgU70ko21', 3),
		 ('xcazalet56', 'Xavier', 'Cazalet', 'yBFatV3q', 3),
		 ('rtomeo57', 'Reuven', 'Tomeo', '2eO1mWNes', 3),
		 ('bbarhams58', 'Bartholomeus', 'Barhams', 'gHNnUaphdwIv', 3),
		 ('hbeals59', 'Hurlee', 'Beals', '169D4R', 3),
		 ('laughtie5a', 'Lulu', 'Aughtie', 'zMxML1So5Hmm', 3),
		 ('avargas5b', 'Anselma', 'Vargas', 'F4egDd', 3),
		 ('kleates5c', 'Kim', 'Leates', 'rY1tievO39', 3),
		 ('rdjakovic5d', 'Rheba', 'Djakovic', 'E3jnNN', 3),
		 ('amaypowder5e', 'Alfredo', 'Maypowder', 'ihABl2w', 3),
		 ('rlanchbery5f', 'Robbin', 'Lanchbery', 'RSUFwcJh4AnN', 3),
		 ('mcuerdall5g', 'Myrvyn', 'Cuerdall', 'cUuLKycMRc', 3),
		 ('uhendrix5h', 'Ursa', 'Hendrix', '3GQuvdEpl', 3),
		 ('tgodridge5i', 'Tallie', 'Godridge', 'ash3B4cQ', 3),
		 ('kkornalik5j', 'Knox', 'Kornalik', 'a9wEUyyJ0', 3),
		 ('mlefever5k', 'Mireille', 'Lefever', 'fTBlL00Xx', 3),
		 ('mtrytsman5l', 'Maison', 'Trytsman', 'yqrAww1uGl', 3),
		 ('wandrzej5m', 'Winifred', 'Andrzej', 'xAAspk', 3),
		 ('gcastelyn5n', 'Guglielma', 'Castelyn', '1Incuqm4lVXb', 3),
		 ('ctutton5o', 'Coleman', 'Tutton', '3aHYiROz', 3),
		 ('ecasajuana5p', 'Erhart', 'Casajuana', 'Qt2FtI5qut', 3),
		 ('labramzon5q', 'Lidia', 'Abramzon', 'HH4MMLZ', 3),
		 ('mgiggs5r', 'Merwin', 'Giggs', 'P4Kdy30i', 3),
		 ('nyaus5s', 'Nappie', 'Yaus', 'hKLS37t', 3),
		 ('tscholar5t', 'Thalia', 'Scholar', 'jZTSTwjP', 3),
		 ('lboeter5u', 'Lynett', 'Boeter', '83YUPeUg0XE', 3),
		 ('afurber5v', 'Anatollo', 'Furber', 'MjPvPPFyDx', 3),
		 ('agownge5w', 'Augustina', 'Gownge', '8wNTswOsa', 3),
		 ('hmccarroll5x', 'Halette', 'Mc Carroll', 'YFKPRJ1m', 3),
		 ('cclerke5y', 'Chelsae', 'Clerke', '2tvxfnf', 3),
		 ('rgiddins5z', 'Rodina', 'Giddins', 'xecl0c', 3),
		 ('owegner60', 'Othilia', 'Wegner', 'LSdSmioJ', 3),
		 ('emarmion61', 'Edeline', 'Marmion', 'owdnufY', 3),
		 ('omurrey62', 'Opalina', 'Murrey', 'hH02w5', 3),
		 ('hartis63', 'Hilde', 'Artis', '9sykX6uFm', 3),
		 ('pmillwall64', 'Pet', 'Millwall', 'fTonpxP', 3),
		 ('jstellino65', 'Jedidiah', 'Stellino', 'bwX0XQ', 3),
		 ('doxford66', 'Derick', 'Oxford', 'eiVOYH', 3),
		 ('mjanway67', 'Mirelle', 'Janway', 'Jd6yiH', 3),
		 ('mkeedy68', 'Margie', 'Keedy', 'D1KLmM', 3),
		 ('bwarrell69', 'Bunnie', 'Warrell', '8RSbairX', 3),
		 ('cgoldup6a', 'Cale', 'Goldup', 'd2rYinyUbe', 3),
		 ('jwilkinson6b', 'Jayson', 'Wilkinson', 'Squi15Ccj', 3),
		 ('sapfel6c', 'Shelley', 'Apfel', 'IasOuNUJJPq', 3),
		 ('bbrisset6d', 'Blaine', 'Brisset', 'oQ2O8vN5A', 3),
		 ('jgraysmark6e', 'Jerrilee', 'Graysmark', 'BSTAlt2th', 3),
		 ('lskillern6f', 'Lolly', 'Skillern', 'WuZcRW2Ra', 3),
		 ('jberriball6g', 'Joann', 'Berriball', 'pQnIGc', 3),
		 ('mbeaton6h', 'Marsh', 'Beaton', 'W1GUOtWo7Z', 3),
		 ('dcalfe6i', 'Darrin', 'Calfe', '1PNLK9bcTx', 3),
		 ('lasel6j', 'Loise', 'Asel', 'Kr9GlBU4taH', 3),
		 ('baymer6k', 'Bobbee', 'Aymer', 'cW4itZ', 3),
		 ('tsucre6l', 'Thurston', 'Sucre', 'yG01c6', 3),
		 ('csultana6m', 'Claretta', 'Sultana', 'T8gKHyJOy', 3),
		 ('culyat6n', 'Codie', 'Ulyat', 'wgqYaYz3', 3),
		 ('etrevains6o', 'Eugenius', 'Trevains', 'i6RijlVn0', 3),
		 ('ropie6p', 'Rolando', 'Opie', 'rQ7Wnb', 3),
		 ('ekinane6q', 'Eustace', 'Kinane', 'ntP0GsDUD', 3),
		 ('lcasellas6r', 'Lucais', 'Casellas', 'VeZsCQcsUjL', 3),
		 ('lbaselio6s', 'Louisette', 'Baselio', 'BPfh81iS7YU', 3),
		 ('tsilcox6t', 'Theda', 'Silcox', 'hb5Xd1XDGji', 3),
		 ('ntripon6u', 'Nevins', 'Tripon', 'OqeX7hUBD', 3),
		 ('tsoots6v', 'Trstram', 'Soots', 'h1bIpoGQpe', 3),
		 ('cdiggens6w', 'Colver', 'Diggens', 'XQArNj', 3),
		 ('gkobierzycki6x', 'Gerri', 'Kobierzycki', 'OihTdcf', 3),
		 ('hpash6y', 'Hastings', 'Pash', 'aW73AAAr', 3),
		 ('tpleace6z', 'Tess', 'Pleace', 'QW4fO6', 3),
		 ('khowes70', 'Kelcie', 'Howes', 'NZCKfG', 3),
		 ('uproby71', 'Uriel', 'Proby', '18sXcFgz', 3),
		 ('egusney72', 'Eleanor', 'Gusney', 'SfEIKmx4Qgz', 3),
		 ('dfoote73', 'Dilan', 'Foote', 'Ud7y0yi', 3),
		 ('lscurlock74', 'Leonardo', 'Scurlock', 'b5yPy0S0Ibc', 3),
		 ('mtitt75', 'Maxine', 'Titt', 'oVCmMN25JV', 3),
		 ('aconey76', 'Ameline', 'Coney', 'NzIrEO90qS', 3),
		 ('eabramovitch77', 'Enriqueta', 'Abramovitch', 'u04RflgpRwwV', 3),
		 ('mtesdale78', 'Mariann', 'Tesdale', 'cdls70oL0', 3),
		 ('esiburn79', 'Easter', 'Siburn', 'aJzkexc', 3),
		 ('jkillingbeck7a', 'Jose', 'Killingbeck', '9zn8OXeL', 3),
		 ('fmeek7b', 'Felicity', 'Meek', '0kz15bQMm0cD', 3),
		 ('ssenior7c', 'Sapphira', 'Senior', 'JjGA2g', 3),
		 ('rlodden7d', 'Reed', 'Lodden', '7WmGX9Kh1', 3),
		 ('ktolemache7e', 'Katine', 'Tolemache', 'cva5ZvYQ', 3),
		 ('dbiskup7f', 'Dionis', 'Biskup', 'jiDecW', 3),
		 ('dachurch7g', 'Dallas', 'Achurch', 'lZNADO25KHPQ', 3),
		 ('mnanelli7h', 'Marja', 'Nanelli', 'BSzxPb', 3),
		 ('rhenworth7i', 'Reinaldos', 'Henworth', 'ZRuGUAbo', 3),
		 ('btennant7j', 'Bell', 'Tennant', 'VWPfcpgjHmc', 3),
		 ('rwilber7k', 'Rachele', 'Wilber', '3Iwnc0', 3),
		 ('chorry7l', 'Christina', 'Horry', 'LDvblYF9vu', 3),
		 ('blowery7m', 'Beverie', 'Lowery', 'Lu8aY7w', 3),
		 ('lsnalham7n', 'Lorna', 'Snalham', 'lUT2VJMDZFL', 3),
		 ('mzammett7o', 'Mel', 'Zammett', 'zEqOVYfdGOj', 3),
		 ('rbellany7p', 'Ruthy', 'Bellany', 'Pbk61l', 3),
		 ('btringham7q', 'Buck', 'Tringham', '04FX1n40E', 3),
		 ('wmacgille7r', 'Whit', 'MacGille', 'Nlpb600x', 3),
		 ('wfaers7s', 'Warren', 'Faers', 'lHv38mgc', 3),
		 ('svogele7t', 'Stella', 'Vogele', 'WKuv02SMWe', 3),
		 ('mchatenet7u', 'Maddalena', 'Chatenet', 'XFFTib', 3),
		 ('moxtoby7v', 'Major', 'Oxtoby', 'PHO5h1', 3),
		 ('etonepohl7w', 'Elvin', 'Tonepohl', 'BlNrfKTi', 3),
		 ('ctight7x', 'Cherrita', 'Tight', 'KTUBXOTI', 3),
		 ('jharraway7y', 'Josi', 'Harraway', 'Eu1JPCRbz', 3),
		 ('ncallery7z', 'Nathanael', 'Callery', 'p06BTlC', 3),
		 ('mbrundrett80', 'Mireille', 'Brundrett', 'tm4KzX', 3),
		 ('qcruddace81', 'Quincey', 'Cruddace', 'aI8KtdE3T72k', 3),
		 ('tdermot82', 'Thadeus', 'Dermot', '97Hl7wqp0m', 3),
		 ('ahaysom83', 'Albertine', 'Haysom', 'CRoekPYssGo', 3),
		 ('llitster84', 'Levin', 'Litster', 'dSZ4QT', 3),
		 ('lbrumbie85', 'Link', 'Brumbie', 'd5HWU0', 3),
		 ('csoutter86', 'Carly', 'Soutter', 'bjub25ANVL', 3),
		 ('vstrelitzer87', 'Vidovik', 'Strelitzer', 'wgQmiiMnA', 3),
		 ('gscotchbrook88', 'Gareth', 'Scotchbrook', '9HJQjE', 3),
		 ('screes89', 'Samaria', 'Crees', 'hWhHOdHfs', 3),
		 ('rhilliam8a', 'Reagen', 'Hilliam', 'nvn19aVhWf', 3),
		 ('kmcilriach8b', 'Kippie', 'McIlriach', 'KKGfzF3ebWBz', 3),
		 ('everonique8c', 'Ephrem', 'Veronique', 'eo0b8bvIJP5d', 3),
		 ('imound8d', 'Ilysa', 'Mound', 'LHQE97SkV', 3),
		 ('ndrohane8e', 'Nessi', 'Drohane', 'GdmAnS', 3),
		 ('elefeaver8f', 'Ezmeralda', 'Lefeaver', 'BIt3vbCo', 3),
		 ('askeermer8g', 'Arden', 'Skeermer', 'rLnj7ouh', 3),
		 ('jlonghorne8h', 'Jodie', 'Longhorne', 'UHAJyeSMA', 3),
		 ('yguion8i', 'Yul', 'Guion', 'uodjwiPd7rZ', 3),
		 ('npeidro8j', 'Nonah', 'Peidro', 'zNr3AYbf4', 3),
		 ('sskerme8k', 'Susann', 'Skerme', 'tN0Qswr', 3),
		 ('csotham8l', 'Cacilie', 'Sotham', 'oAEXRAVPPs5', 3),
		 ('nwinters8m', 'Nels', 'Winters', '5ZDWK1', 3),
		 ('lshurmore8n', 'Leo', 'Shurmore', '8aZvUm', 3),
		 ('chardson8o', 'Ced', 'Hardson', 'vDzHNvW7m', 3),
		 ('schaucer8p', 'Sheri', 'Chaucer', 'Vb8IL66d', 3),
		 ('trieflin8q', 'Tuckie', 'Rieflin', 'xP46GNC', 3),
		 ('ithripp8r', 'Isidor', 'Thripp', 'tpuBLjAsollx', 3),
		 ('cleetham8s', 'Charlotta', 'Leetham', 'kPXOAIHpF', 3),
		 ('ctrematick8t', 'Clio', 'Trematick', 'yfAuHQqVeKE', 3),
		 ('dmaypother8u', 'Darleen', 'Maypother', 'ehkuVDHS', 3),
		 ('jsleit8v', 'Julie', 'Sleit', 'IAYxOI7c4C2r', 3),
		 ('lcockshut8w', 'Libbey', 'Cockshut', 'cWK4AKpfUg', 3),
		 ('hkarolowski8x', 'Hedda', 'Karolowski', '3v3X486', 3),
		 ('btraviss8y', 'Bidget', 'Traviss', 'u3ZaxaX5', 3),
		 ('yklass8z', 'Yance', 'Klass', '6J9FiqD', 3),
		 ('lmollison90', 'Levy', 'Mollison', 'lVozroTQv', 3),
		 ('ktenniswood91', 'Kingston', 'Tenniswood', 'sP7ImJlK3p', 3),
		 ('hwrefford92', 'Henrietta', 'Wrefford', 'frIHym', 3),
		 ('cdiver93', 'Charlton', 'Diver', 'blbC30', 3),
		 ('hbabbidge94', 'Hillel', 'Babbidge', 'kMKa3kz', 3),
		 ('ibeauman95', 'Izak', 'Beauman', 'Vmx6Hs', 3),
		 ('kdundendale96', 'Kaleena', 'Dundendale', 'ifZeV1', 3),
		 ('izarfai97', 'Inness', 'Zarfai', 'YvaH3Lc', 3),
		 ('rmountney98', 'Roi', 'Mountney', 'x7fMybWnV', 3),
		 ('kbreukelman99', 'Krystle', 'Breukelman', 'mRVphif', 3),
		 ('habbati9a', 'Halie', 'Abbati', 'Y7R3J9q0h', 3),
		 ('lbeake9b', 'Liliane', 'Beake', 'oW7Qa3i9', 3),
		 ('skearns9c', 'Shandie', 'Kearns', 'Z62ouz6', 3),
		 ('zmarney9d', 'Zechariah', 'Marney', 'MQVZCJRLC', 3),
		 ('dbateup9e', 'De witt', 'Bateup', 'U4jEpi', 3),
		 ('bclaffey9f', 'Bank', 'Claffey', '7YrfZAmUwzT', 3),
		 ('rdorbon9g', 'Regan', 'Dorbon', 'gSgchj0SM', 3),
		 ('ehyndes9h', 'Eryn', 'Hyndes', 'I5XNc1TW', 3),
		 ('rshergill9i', 'Rachelle', 'Shergill', '4CGY2mjvf', 3),
		 ('dsouthan9j', 'Delila', 'Southan', 'AAbB0hCG', 3),
		 ('pcarp9k', 'Petunia', 'Carp', 'GSxkzqrfC', 3),
		 ('sbaldini9l', 'Shamus', 'Baldini', '7IxBv3', 3),
		 ('adavidsen9m', 'Abbe', 'Davidsen', 'EsmwHFS', 3),
		 ('pcassius9n', 'Prue', 'Cassius', 'kLa4BPFi6', 3),
		 ('mferrer9o', 'Merla', 'Ferrer', 'obkO7xVzw', 3),
		 ('mtoulamain9p', 'Meade', 'Toulamain', 'COeSkMPanW', 3),
		 ('hschukraft9q', 'Hanny', 'Schukraft', 'huAzTYtUsN1', 3),
		 ('cbellhouse9r', 'Christoph', 'Bellhouse', 'kPRgq2y0j', 3),
		 ('mcollibear9s', 'Mitchell', 'Collibear', '3yJectc6RdL', 3),
		 ('ebeauvais9t', 'Erich', 'Beauvais', 'vlCePt76cES', 3),
		 ('tlapham9u', 'Tannie', 'Lapham', 'OQlMIqEVKd', 3),
		 ('klewington9v', 'Kissiah', 'Lewington', '8t25xJs', 3),
		 ('fsutterfield9w', 'Ferguson', 'Sutterfield', 'JWMGXNFmM5', 3),
		 ('bruddick9x', 'Bobbye', 'Ruddick', 'idlVWKk', 3),
		 ('rrannells9y', 'Rebekah', 'Rannells', '5UAEiHW5hv5', 3),
		 ('hconnew9z', 'Hannah', 'Connew', 'um9icY', 3),
		 ('rleprevosta0', 'Roslyn', 'Le Prevost', 'LZ8QTgR9aaBU', 3),
		 ('owiddowesa1', 'Olag', 'Widdowes', 'l2712C', 3),
		 ('kradolfa2', 'Karlie', 'Radolf', 'HTZO2B', 3),
		 ('fwabersinkea3', 'Floyd', 'Wabersinke', '00W3znO4koGC', 3),
		 ('pemminsa4', 'Prentiss', 'Emmins', 'XQioXAWq', 3),
		 ('bjoveya5', 'Byrann', 'Jovey', 'dkZiH3', 3),
		 ('cjugginsa6', 'Christan', 'Juggins', 'o5NZJisTm', 3),
		 ('fgirtina7', 'Filide', 'Girtin', 'nsb9UTYXge0', 3),
		 ('mdowsetta8', 'Minnaminnie', 'Dowsett', 'qg9qoSv410', 3),
		 ('bboxella9', 'Bette-ann', 'Boxell', 'cxOfhI', 3),
		 ('hgainaa', 'Hanni', 'Gain', 'UcCTi8L0', 3),
		 ('mbirraneab', 'Myrtle', 'Birrane', 'xmTokwNHk', 3),
		 ('pvivienac', 'Pavlov', 'Vivien', 'fmNIG2', 3),
		 ('amarushakad', 'Astrix', 'Marushak', 'hSaIhpvYRy', 3),
		 ('rhawlgarthae', 'Rose', 'Hawlgarth', '3mrgidGA8V', 3),
		 ('jboskellaf', 'Jone', 'Boskell', 'u6643ZZu3X8w', 3),
		 ('rblockwellag', 'Ricky', 'Blockwell', 'U631xF5Wu', 3),
		 ('asteketeeah', 'Arney', 'Steketee', 'KHEqoW', 3),
		 ('ljandacai', 'Lennard', 'Jandac', 'gVzfj63E', 3),
		 ('bgounetaj', 'Brewster', 'Gounet', 'qs9lhQL', 3),
		 ('cidneyak', 'Callean', 'Idney', 'P812pk', 3),
		 ('kstairsal', 'Karim', 'Stairs', 'Zyvn2sZwNQdU', 3),
		 ('jsimchenkoam', 'Joey', 'Simchenko', '2qWY7l', 3),
		 ('gstoneyan', 'Goddard', 'Stoney', 'vzR4iQi', 3),
		 ('ctomasekao', 'Candace', 'Tomasek', 'OIxyk5v', 3),
		 ('gkitchingmanap', 'Gennie', 'Kitchingman', 'n7WYXTySzfGE', 3),
		 ('hpitchersaq', 'Harald', 'Pitchers', 'kPXidQZShAO', 3),
		 ('pshellibeerar', 'Prudence', 'Shellibeer', '4HGpDINZ4', 3),
		 ('qadamikas', 'Quincy', 'Adamik', 'hPIFxYEhY79', 3),
		 ('lrothschildat', 'Lanae', 'Rothschild', 'Djxvl9kg', 3),
		 ('nsturteau', 'Noni', 'Sturte', '4waaBY1co', 3),
		 ('bwoolfordeav', 'Bidget', 'Woolforde', 'JGmRVAuJRN', 3),
		 ('bcrinageaw', 'Baxie', 'Crinage', 'AEpF8489nK', 3),
		 ('bgiorgioax', 'Bale', 'Giorgio', 'oIIquzcHAS', 3),
		 ('jtinnay', 'Janela', 'Tinn', 'B9mmofWrGUR', 3),
		 ('pfullerdaz', 'Paul', 'Fullerd', 'zcOuNZrqb9', 3),
		 ('obushrodb0', 'Odele', 'Bushrod', '5bjPYZEd', 3),
		 ('econlonb1', 'Eilis', 'Conlon', 'ynf2acnmJWWA', 3),
		 ('wloudb2', 'Woodman', 'Loud', 'VQB3sPca', 3),
		 ('hborgb3', 'Had', 'Borg', '69xdS29PQi', 3),
		 ('mbonefantb4', 'Merrili', 'Bonefant', 'nWcvsTlbUpV', 3),
		 ('dmacnellyb5', 'Deedee', 'MacNelly', 'nvXwdXjoqd66', 3),
		 ('dpeterffyb6', 'Daniela', 'Peterffy', 'lAFWYkX7', 3),
		 ('asibbornb9', 'Alisha', 'Sibborn', 'PRy2R7Jju', 3),
		 ('yinglebyb7', 'Yolanda', 'Ingleby', 'g700oTeyYk', 3),
		 ('tkleuerba', 'Ted', 'Kleuer', 'AOCNdouA', 3),
		 ('solmanbb', 'Selie', 'Olman', 'acunD2BTs1u8', 3),
		 ('cscrowtonb8', 'Cathie', 'Scrowton', 'sVBFl4GuZ', 3),
		 ('aduddellbc', 'Anita', 'Duddell', 'ZlYkbbt', 3),
		 ('awicklingbd', 'Audry', 'Wickling', 'Jj7lXM3vP6', 3),
		 ('ifennessybe', 'Ira', 'Fennessy', 'OLBAYJUWu', 3),
		 ('dallderidgebf', 'Delmer', 'Allderidge', 'ZETB2Fy2u', 3),
		 ('tbandybg', 'Teresina', 'Bandy', 'HbZB10UoVe', 3),
		 ('egarfitbh', 'Eden', 'Garfit', 'avpCV2ch8tY', 3),
		 ('dpiochbi', 'Diannne', 'Pioch', 's4bjrWt', 3),
		 ('dblazewskibj', 'Diandra', 'Blazewski', 'viU9Ydr5AsX', 3),
		 ('hmoynihanbk', 'Hank', 'Moynihan', 'Iswg79L0gGY', 3),
		 ('wshallcroffbl', 'West', 'Shallcroff', '9ZsPQUm8a2EU', 3),
		 ('gbeernaertbm', 'Gerhardine', 'Beernaert', 'YVRNFTn', 3),
		 ('edannehlbn', 'Edouard', 'Dannehl', 'uS3VZ1u', 3),
		 ('gphebeybo', 'Gaelan', 'Phebey', 'nQVymnii', 3),
		 ('rbriggdalebp', 'Roxy', 'Briggdale', 'JCdOpqd', 3),
		 ('jsaveallbq', 'Joya', 'Saveall', '2nQpHTQl', 3),
		 ('ahuonicbr', 'Anna-diana', 'Huonic', 'Xypc83mps', 3),
		 ('kofenbs', 'Karol', 'Ofen', '16iwyyUbhK', 3),
		 ('bmineghellibt', 'Burk', 'Mineghelli', 'zZ9wBZxUdJ', 3),
		 ('mdunstanbu', 'Modestia', 'Dunstan', 'MTUIUBdtNB1', 3),
		 ('kbinionbv', 'Kelsey', 'Binion', 'IWTq0qraZE', 3),
		 ('ssprostonbw', 'Sibyl', 'Sproston', 'AyoNaxbqefM', 3),
		 ('cburgonbx', 'Conan', 'Burgon', 'Dhz6lfG1', 3),
		 ('ecouveby', 'El', 'Couve', 'uLXXsBPv4nPg', 3),
		 ('dvereybz', 'Dido', 'Verey', 'U2rmj33N', 3),
		 ('mropsc0', 'Maisey', 'Rops', '2C2Gbofs', 3),
		 ('dbrushfieldc1', 'Darleen', 'Brushfield', 'Ao24Wi', 3),
		 ('swhelptonc2', 'Silvie', 'Whelpton', 'VzdzyR', 3),
		 ('krennenbachc3', 'Kirstyn', 'Rennenbach', 'MkfEO9EKD', 3),
		 ('bgookesc4', 'Broddy', 'Gookes', 'CLtzT3', 3),
		 ('siacovuzzic5', 'Shannen', 'Iacovuzzi', 'G4wpUEwnCe0c', 3),
		 ('soattesc6', 'Shana', 'Oattes', 'HVDMbN9rD', 3),
		 ('rvizardc7', 'Rhiamon', 'Vizard', 'GemJfYm', 3),
		 ('prosenblattc8', 'Pancho', 'Rosenblatt', 'jQnxwkyL2nK', 3),
		 ('dalishonerc9', 'Dedie', 'Alishoner', 'Q6BasYoM5t', 3),
		 ('gwalsterca', 'Glyn', 'Walster', 'Q1OCFPUr016', 3),
		 ('tolczykcb', 'Torr', 'Olczyk', 'Mw8h0Z', 3),
		 ('wanderssoncc', 'Willey', 'Andersson', 'Q5fz5rJ9lvJ', 3),
		 ('gpilecd', 'Gusti', 'Pile', 'LsYbbl51VtJk', 3),
		 ('ebeckeyce', 'Evonne', 'Beckey', 'vjfHDGZaoy7', 3),
		 ('bfenloncf', 'Bradford', 'Fenlon', 'fpcwFhk', 3),
		 ('ebrightlingcg', 'Ellette', 'Brightling', 'KNo0zSTz', 3),
		 ('ddoucettech', 'Darice', 'Doucette', '0QKQtO', 3),
		 ('cworwoodci', 'Cherilynn', 'Worwood', 'tjWEJUVV', 3),
		 ('gfownescj', 'Glenden', 'Fownes', 'Vf89rHu8uM', 3),
		 ('hcarlawck', 'Husein', 'Carlaw', 'viIimA1E', 3),
		 ('jgritsunovcl', 'Janis', 'Gritsunov', 'WbP4tHT', 3),
		 ('mscrivenorcm', 'Marianna', 'Scrivenor', 'yze2DfnsBQ', 3),
		 ('rtrenchardcn', 'Ringo', 'Trenchard', 'nmf7OL0EaP', 3),
		 ('jchamberlaineco', 'Jourdain', 'Chamberlaine', '1YDJHx', 3),
		 ('zcootcp', 'Zak', 'Coot', 'aqeMWvC7o', 3),
		 ('njigginscq', 'Nestor', 'Jiggins', 'U0VbHX0', 3),
		 ('jkippencr', 'Joanie', 'Kippen', '4NiIPelIK', 3),
		 ('wcayetcs', 'Windham', 'Cayet', 'VBvZYanRu2x1', 3),
		 ('fsoaresct', 'Francyne', 'Soares', 'mALXLxy0', 3),
		 ('cwoolescu', 'Clovis', 'Wooles', '3RTKG9ym', 3),
		 ('gdigwoodcv', 'Ginevra', 'Digwood', 'ahSti1xfZAa', 3),
		 ('leakinscw', 'Leonelle', 'Eakins', 'e4AJQIn', 3),
		 ('aedelheitcx', 'Alfy', 'Edelheit', 'PeBtTyHvEWAQ', 3),
		 ('jmeinscy', 'Juanita', 'Meins', 'LMtyztA2lDrk', 3),
		 ('ckunccz', 'Caresa', 'Kunc', '2aruOM', 3),
		 ('zmcmeekand0', 'Zandra', 'Mc Meekan', 'e7sTvsPCU', 3),
		 ('etwiningd1', 'Edee', 'Twining', 'lFRioYaMw', 3),
		 ('jvashchenkod2', 'Jess', 'Vashchenko', 'vprVWZ7d3t0O', 3),
		 ('paskend3', 'Patsy', 'Asken', 'cZrfi6', 3),
		 ('omessentd4', 'Obadiah', 'Messent', 'ympPkN2', 3),
		 ('nformiglid5', 'Nicko', 'Formigli', 'MFotaVERFcb', 3),
		 ('gvalleryd6', 'Gerome', 'Vallery', 'tvA7iBvJQ8Vc', 3),
		 ('jayersd7', 'Jessi', 'Ayers', 'quyCz1GSXjo', 3),
		 ('cmeynelld8', 'Cassondra', 'Meynell', 'XqAywV', 3),
		 ('jemsond9', 'Justin', 'Emson', 'xkdn8Xs', 3),
		 ('avisteda', 'Adelina', 'Viste', '1mHJCVQE', 3),
		 ('dstogilldb', 'Darsie', 'Stogill', 'jbcqyNle', 3),
		 ('mgeeraertdc', 'Merrielle', 'Geeraert', '53oYiIGjmeI', 3),
		 ('kdouldd', 'Keri', 'Doul', 'tgE1uJevCUaF', 3),
		 ('beberlede', 'Bobette', 'Eberle', '9VYFweiDoy', 3),
		 ('bbrookfielddf', 'Biron', 'Brookfield', 'iNEhda6GxQdM', 3),
		 ('clowdendg', 'Cathrine', 'Lowden', 'kubtEIsG1Ko', 3),
		 ('wweldendh', 'Whitney', 'Welden', 'V3zQrcaY', 3),
		 ('fsealeafdi', 'Flint', 'Sealeaf', 'JpuHQVLIqQUi', 3),
		 ('owhybornedj', 'Odetta', 'Whyborne', 'hm6RZYUqa', 3),
		 ('bcazedk', 'Babs', 'Caze', 'NpzTPM', 3),
		 ('msarsondl', 'Millisent', 'Sarson', 'VyaGxO', 3),
		 ('aerbedm', 'Althea', 'Erbe', 'NixiLj', 3),
		 ('bkegleydn', 'Bernadina', 'Kegley', 'CXtY3yaqwIcI', 3),
		 ('kandererdo', 'Kerianne', 'Anderer', 'uncSV7EZa', 3),
		 ('gmarshdp', 'Gaynor', 'Marsh', '5d0CPMwfA', 3),
		 ('aluttydq', 'Ado', 'Lutty', 'VYdGAba8rn', 3),
		 ('acawthrondr', 'Abbot', 'Cawthron', 'AdRNgf4LWilw', 3),
		 ('glishmundds', 'Guilbert', 'Lishmund', '6XZkj8W7yy', 3),
		 ('mberteletdt', 'Malchy', 'Bertelet', 'r5YeSwBHC', 3),
		 ('hfraczkiewiczdu', 'Hildagard', 'Fraczkiewicz', 'jd8oQNAf8w', 3),
		 ('dcooneydv', 'Danny', 'Cooney', 'Dqx6GobNBAht', 3);	 
		 

INSERT INTO Course (course_name, credit_etcs)
	 VALUES 
		 ('Teleinformatique de base (TIB)', 4),
		 ('Introduction a la securite de l information (ISI)', 4),
		 ('Analyse mathematique (ANA)', 6),
		 ('Mathematiques discretes (MAD)', 6),
		 ('Mathematiques de base pour TIC (MBT)', 5),
		 ('Architecture des ordinateurs 2 (ARO2)', 4),
		 ('Architecture des ordinateurs 1 (ARO1)', 5),
		 ('Anglais (Ang)', 4),
		 ('Allemand (ALL)', 4),
		 ('Informatique 1 (INF1)', 10),
		 ('Informatique 2 (INF2)', 10),
		 ('Algorithmes et structures de donnees 1 (ASD1)', 6),
		 ('Protocoles de reseaux (PRS)', 5),
		 ('Administration systeme (ADS)', 3),
		 ('LAN filaires et sans fils (LAN)', 3),
		 ('Couche physique et liaison (CPL)', 2),
		 ('Probabilites et statistiques (PST)', 5),
		 ('Physique pour TIC (PHY)', 5),
		 ('Planification de reseaux (PLR)', 2),
		 ('Routage avance (RTA)', 3),
		 ('Securite des technologies internet (STI)', 3),
		 ('Securite des systemes d exploitation (SOS)', 4),
		 ('Securite des reseaux (SRX)', 4),
		 ('Serialisation (SER)', 2),
		 ('Reseaux (RES)', 4),
		 ('Signaux analogiques et numeriques (SIG)', 3),	 
		 ('Programmation orientee objet 1 (POO1)', 6),
		 ('Bases de donnees relationnelles (BDR)', 6),
		 ('Algorithmes et structures de donnees 2 (ASD2)', 4),
		 ('Gestion d entreprise pour TIC (GET)', 3),
		 ('Transmission et modulation (TRM)', 5), 
		 ('Storage Area Networking (SAN)', 3),
		 ('Teletrafic (TTR)', 2),
		 ('Systemes d exploitation (SYE)', 4),
		 ('Programmation concurrente (PCO)', 4),
		 ('Cloud Computing (CLD)', 4),
		 ('Securite des reseaux sans fil (SWI)', 4),
		 ('Projet de semestre (PRO)', 2),
		 ('Administration IT (AIT)', 4),
		 ('Applications multi-tiers (AMT)', 6),
		 ('Gestion de reseaux (GRX)', 2);

INSERT INTO Groupe (groupe_name, student_per_group)
	 VALUES 
		 ('AMT_GroupA', 2),
		 ('AMT_GroupB', 2),
		 ('GRX_GroupA', 2),
		 ('GRX_GroupB', 2);
	 
INSERT INTO GivingCourses (prof_username, giving_course_name)
	 VALUES 
		 ('diMaria','Teleinformatique de base (TIB)'),
		 ('Olietch','Introduction a la securite de l information (ISI)'),
		 ('diMaria','Analyse mathematique (ANA)'),
		 ('diMaria','Mathematiques discretes (MAD)'),
		 ('diMaria','Mathematiques de base pour TIC (MBT)'),
		 ('Olietch','Architecture des ordinateurs 2 (ARO2)'),
		 ('rv2dieu','Architecture des ordinateurs 1 (ARO1)'),
		 ('elis@','Anglais (Ang)'),
		 ('elis@','Allemand (ALL)'),
		 ('marcosR','Informatique 1 (INF1)'),
		 ('Olietch','Informatique 2 (INF2)'),
		 ('rv2dieu','Algorithmes et structures de donnees 1 (ASD1)'),
		 ('rv2dieu','Protocoles de reseaux (PRS)'),
		 ('rv2dieu','Administration systeme (ADS)'),
		 ('marcosR','LAN filaires et sans fils (LAN)'),
		 ('marcosR','Couche physique et liaison (CPL)'),
		 ('grafilotics','Probabilites et statistiques (PST)'),
		 ('rv2dieu','Physique pour TIC (PHY)'),
		 ('grafilotics','Planification de reseaux (PLR)'),
		 ('diMaria','Routage avance (RTA)'),
		 ('grafilotics','Securite des technologies internet (STI)'),
		 ('marcosR','Securite des systemes d exploitation (SOS)'),
		 ('Olietch','Securite des reseaux (SRX)'),
		 ('Olietch','Serialisation (SER)'),
		 ('Olietch','Reseaux (RES)'),
		 ('rv2dieu','Signaux analogiques et numeriques (SIG)'),	 
		 ('marcosR','Programmation orientee objet 1 (POO1)'),
		 ('Olietch','Bases de donnees relationnelles (BDR)'),
		 ('grafilotics','Algorithmes et structures de donnees 2 (ASD2)'),
		 ('elis@','Gestion d entreprise pour TIC (GET)'),
		 ('rv2dieu','Transmission et modulation (TRM)'), 
		 ('diMaria','Storage Area Networking (SAN)'),
		 ('diMaria','Teletrafic (TTR)'),
		 ('Olietch','Systemes d exploitation (SYE)'),
		 ('diMaria','Programmation concurrente (PCO)'),
		 ('grafilotics','Cloud Computing (CLD)'),
		 ('Olietch','Securite des reseaux sans fil (SWI)'),
		 ('grafilotics','Projet de semestre (PRO)'),
		 ('rv2dieu','Projet de semestre (PRO)'),
		 ('diMaria','Projet de semestre (PRO)'),
		 ('grafilotics','Administration IT (AIT)'),
		 ('Olietch','Applications multi-tiers (AMT)'),
		 ('diMaria','Gestion de reseaux (GRX)');
	 
INSERT INTO HavingCourses (student_username, having_course_name)
	 VALUES 
		 ('seyree0','Teleinformatique de base (TIB)'),
		 ('mmarflitt7','Teleinformatique de base (TIB)'),
		 ('tbavister8','Teleinformatique de base (TIB)'),
		 ('omadrella', 'Teleinformatique de base (TIB)'),
		 ('cpopescub', 'Teleinformatique de base (TIB)'),
		 ('lbeadelld', 'Teleinformatique de base (TIB)'),
		 ('etrimmillc','Teleinformatique de base (TIB)'),
		 ('jkippencr','Teleinformatique de base (TIB)'),
		 ('wcayetcs', 'Teleinformatique de base (TIB)'),
		 ('fsoaresct','Teleinformatique de base (TIB)'),
		 ('cwoolescu','Teleinformatique de base (TIB)'),
		 ('seyree0','Introduction a la securite de l information (ISI)'),
		 ('mmarflitt7','Introduction a la securite de l information (ISI)'),
		 ('omadrella','Introduction a la securite de l information (ISI)'),
		 ('cpopescub', 'Introduction a la securite de l information (ISI)'),
		 ('lbeadelld', 'Introduction a la securite de l information (ISI)'),
		 ('etrimmillc','Introduction a la securite de l information (ISI)'),
		 ('jkippencr','Introduction a la securite de l information (ISI)'),
		 ('wcayetcs', 'Introduction a la securite de l information (ISI)'),
		 ('fsoaresct','Introduction a la securite de l information (ISI)'),
		 ('cwoolescu','Introduction a la securite de l information (ISI)'),
		 ('mbonefantb4','Introduction a la securite de l information (ISI)'),
		 ('dmacnellyb5','Introduction a la securite de l information (ISI)'),
		 ('dpeterffyb6','Introduction a la securite de l information (ISI)'),
		 ('asibbornb9', 'Introduction a la securite de l information (ISI)'),
		 ('seyree0','Analyse mathematique (ANA)'),
		 ('mmarflitt7','Analyse mathematique (ANA)'),
		 ('tbavister8','Analyse mathematique (ANA)'),
		 ('omadrella', 'Analyse mathematique (ANA)'),
		 ('cpopescub', 'Analyse mathematique (ANA)'),
		 ('lbeadelld', 'Analyse mathematique (ANA)'),
		 ('etrimmillc','Analyse mathematique (ANA)'),
		 ('jkippencr','Analyse mathematique (ANA)'),
		 ('wcayetcs', 'Analyse mathematique (ANA)'),
		 ('fsoaresct','Analyse mathematique (ANA)'),
		 ('cwoolescu','Analyse mathematique (ANA)'),
		 ('mbonefantb4','Analyse mathematique (ANA)'),
		 ('dmacnellyb5','Analyse mathematique (ANA)'),
		 ('dpeterffyb6','Analyse mathematique (ANA)'),
		 ('asibbornb9', 'Analyse mathematique (ANA)'),
		 ('seyree0','Mathematiques discretes (MAD)'),
		 ('mmarflitt7','Mathematiques discretes (MAD)'),
		 ('tbavister8','Mathematiques discretes (MAD)'),
		 ('omadrella', 'Mathematiques discretes (MAD)'),
		 ('cpopescub', 'Mathematiques discretes (MAD)'),
		 ('lbeadelld', 'Mathematiques discretes (MAD)'),
		 ('etrimmillc','Mathematiques discretes (MAD)'),
		 ('jkippencr','Mathematiques discretes (MAD)'),
		 ('wcayetcs', 'Mathematiques discretes (MAD)'),
		 ('fsoaresct','Mathematiques discretes (MAD)'),
		 ('cwoolescu','Mathematiques discretes (MAD)'),
		 ('mbonefantb4','Mathematiques discretes (MAD)'),
		 ('dmacnellyb5','Mathematiques discretes (MAD)'),
		 ('dpeterffyb6','Mathematiques discretes (MAD)'),
		 ('asibbornb9', 'Mathematiques discretes (MAD)'),
		 ('seyree0','Mathematiques de base pour TIC (MBT)'),
		 ('mmarflitt7','Mathematiques de base pour TIC (MBT)'),
		 ('tbavister8','Mathematiques de base pour TIC (MBT)'),
		 ('omadrella', 'Mathematiques de base pour TIC (MBT)'),
		 ('cpopescub', 'Mathematiques de base pour TIC (MBT)'),
		 ('lbeadelld', 'Mathematiques de base pour TIC (MBT)'),
		 ('etrimmillc','Mathematiques de base pour TIC (MBT)'),
		 ('jkippencr','Mathematiques de base pour TIC (MBT)'),
		 ('wcayetcs', 'Mathematiques de base pour TIC (MBT)'),
		 ('fsoaresct','Mathematiques de base pour TIC (MBT)'),
		 ('cwoolescu','Mathematiques de base pour TIC (MBT)'),
		 ('seyree0','Architecture des ordinateurs 2 (ARO2)'),
		 ('mmarflitt7','Architecture des ordinateurs 2 (ARO2)'),
		 ('tbavister8','Architecture des ordinateurs 2 (ARO2)'),
		 ('omadrella', 'Architecture des ordinateurs 2 (ARO2)'),
		 ('cpopescub', 'Architecture des ordinateurs 2 (ARO2)'),
		 ('lbeadelld', 'Architecture des ordinateurs 2 (ARO2)'),
		 ('etrimmillc','Architecture des ordinateurs 2 (ARO2)'),
		 ('jkippencr','Architecture des ordinateurs 2 (ARO2)'),
		 ('wcayetcs', 'Architecture des ordinateurs 2 (ARO2)'),
		 ('fsoaresct','Architecture des ordinateurs 2 (ARO2)'),
		 ('cwoolescu','Architecture des ordinateurs 2 (ARO2)'),
		 ('mbonefantb4','Architecture des ordinateurs 2 (ARO2)'),
		 ('dmacnellyb5','Architecture des ordinateurs 2 (ARO2)'),
		 ('dpeterffyb6','Architecture des ordinateurs 2 (ARO2)'),
		 ('asibbornb9', 'Architecture des ordinateurs 2 (ARO2)'),
		 ('seyree0','Architecture des ordinateurs 1 (ARO1)'),
		 ('mmarflitt7','Architecture des ordinateurs 1 (ARO1)'),
		 ('tbavister8','Architecture des ordinateurs 1 (ARO1)'),
		 ('omadrella', 'Architecture des ordinateurs 1 (ARO1)'),
		 ('cpopescub', 'Architecture des ordinateurs 1 (ARO1)'),
		 ('lbeadelld', 'Architecture des ordinateurs 1 (ARO1)'),
		 ('etrimmillc','Architecture des ordinateurs 1 (ARO1)'),
		 ('jkippencr','Architecture des ordinateurs 1 (ARO1)'),
		 ('wcayetcs', 'Architecture des ordinateurs 1 (ARO1)'),
		 ('fsoaresct','Architecture des ordinateurs 1 (ARO1)'),
		 ('cwoolescu','Architecture des ordinateurs 1 (ARO1)'),
		 ('mbonefantb4','Architecture des ordinateurs 1 (ARO1)'),
		 ('dmacnellyb5','Architecture des ordinateurs 1 (ARO1)'),
		 ('dpeterffyb6','Architecture des ordinateurs 1 (ARO1)'),
		 ('asibbornb9', 'Architecture des ordinateurs 1 (ARO1)'),
		 ('seyree0','Anglais (Ang)'),
		 ('mmarflitt7','Anglais (Ang)'),
		 ('tbavister8','Anglais (Ang)'),
		 ('omadrella', 'Anglais (Ang)'),
		 ('cpopescub', 'Anglais (Ang)'),
		 ('lbeadelld', 'Anglais (Ang)'),
		 ('etrimmillc','Anglais (Ang)'),
		 ('jkippencr','Anglais (Ang)'),
		 ('wcayetcs', 'Anglais (Ang)'),
		 ('fsoaresct','Anglais (Ang)'),
		 ('cwoolescu','Anglais (Ang)'),
		 ('mbonefantb4','Anglais (Ang)'),
		 ('dmacnellyb5','Anglais (Ang)'),
		 ('dpeterffyb6','Anglais (Ang)'),
		 ('asibbornb9', 'Anglais (Ang)'),
		 ('seyree0','Allemand (ALL)'),
		 ('mmarflitt7','Allemand (ALL)'),
		 ('tbavister8','Allemand (ALL)'),
		 ('omadrella', 'Allemand (ALL)'),
		 ('cpopescub', 'Allemand (ALL)'),
		 ('lbeadelld', 'Allemand (ALL)'),
		 ('etrimmillc','Allemand (ALL)'),
		 ('jkippencr','Allemand (ALL)'),
		 ('wcayetcs', 'Allemand (ALL)'),
		 ('fsoaresct','Allemand (ALL)'),
		 ('cwoolescu','Allemand (ALL)'),
		 ('mbonefantb4','Allemand (ALL)'),
		 ('dmacnellyb5','Allemand (ALL)'),
		 ('dpeterffyb6','Allemand (ALL)'),
		 ('asibbornb9', 'Allemand (ALL)'),
		 ('seyree0','Informatique 1 (INF1)'),
		 ('mmarflitt7','Informatique 1 (INF1)'),
		 ('tbavister8','Informatique 1 (INF1)'),
		 ('omadrella', 'Informatique 1 (INF1)'),
		 ('cpopescub', 'Informatique 1 (INF1)'),
		 ('lbeadelld', 'Informatique 1 (INF1)'),
		 ('etrimmillc','Informatique 1 (INF1)'),
		 ('jkippencr','Informatique 1 (INF1)'),
		 ('wcayetcs', 'Informatique 1 (INF1)'),
		 ('fsoaresct','Informatique 1 (INF1)'),
		 ('cwoolescu','Informatique 1 (INF1)'),
		 ('mbonefantb4','Informatique 1 (INF1)'),
		 ('dmacnellyb5','Informatique 1 (INF1)'),
		 ('dpeterffyb6','Informatique 1 (INF1)'),
		 ('asibbornb9', 'Informatique 1 (INF1)'),
		 ('seyree0','Informatique 2 (INF2)'),
		 ('mmarflitt7','Informatique 2 (INF2)'),
		 ('tbavister8','Informatique 2 (INF2)'),
		 ('omadrella', 'Informatique 2 (INF2)'),
		 ('cpopescub', 'Informatique 2 (INF2)'),
		 ('lbeadelld', 'Informatique 2 (INF2)'),
		 ('etrimmillc','Informatique 2 (INF2)'),
		 ('jkippencr','Informatique 2 (INF2)'),
		 ('wcayetcs', 'Informatique 2 (INF2)'),
		 ('fsoaresct','Informatique 2 (INF2)'),
		 ('cwoolescu','Informatique 2 (INF2)'),
		 ('mbonefantb4','Informatique 2 (INF2)'),
		 ('dmacnellyb5','Informatique 2 (INF2)'),
		 ('dpeterffyb6','Informatique 2 (INF2)'),
		 ('asibbornb9', 'Informatique 2 (INF2)'),
		 ('seyree0','Algorithmes et structures de donnees 1 (ASD1)'),
		 ('mmarflitt7','Algorithmes et structures de donnees 1 (ASD1)'),
		 ('tbavister8','Algorithmes et structures de donnees 1 (ASD1)'),
		 ('omadrella', 'Algorithmes et structures de donnees 1 (ASD1)'),
		 ('cpopescub', 'Algorithmes et structures de donnees 1 (ASD1)'),
		 ('lbeadelld', 'Algorithmes et structures de donnees 1 (ASD1)'),
		 ('etrimmillc','Algorithmes et structures de donnees 1 (ASD1)'),
		 ('jkippencr','Algorithmes et structures de donnees 1 (ASD1)'),
		 ('wcayetcs', 'Algorithmes et structures de donnees 1 (ASD1)'),
		 ('fsoaresct','Algorithmes et structures de donnees 1 (ASD1)'),
		 ('cwoolescu','Algorithmes et structures de donnees 1 (ASD1)'),
		 ('mbonefantb4','Algorithmes et structures de donnees 1 (ASD1)'),
		 ('dmacnellyb5','Algorithmes et structures de donnees 1 (ASD1)'),
		 ('dpeterffyb6','Algorithmes et structures de donnees 1 (ASD1)'),
		 ('asibbornb9', 'Algorithmes et structures de donnees 1 (ASD1)'),
		 ('seyree0','Protocoles de reseaux (PRS)'),
		 ('mmarflitt7','Protocoles de reseaux (PRS)'),
		 ('tbavister8','Protocoles de reseaux (PRS)'),
		 ('omadrella', 'Protocoles de reseaux (PRS)'),
		 ('cpopescub', 'Protocoles de reseaux (PRS)'),
		 ('lbeadelld', 'Protocoles de reseaux (PRS)'),
		 ('etrimmillc','Protocoles de reseaux (PRS)'),
		 ('jkippencr','Protocoles de reseaux (PRS)'),
		 ('wcayetcs', 'Protocoles de reseaux (PRS)'),
		 ('fsoaresct','Protocoles de reseaux (PRS)'),
		 ('cwoolescu','Protocoles de reseaux (PRS)'),
		 ('mbonefantb4','Protocoles de reseaux (PRS)'),
		 ('dmacnellyb5','Protocoles de reseaux (PRS)'),
		 ('dpeterffyb6','Protocoles de reseaux (PRS)'),
		 ('asibbornb9', 'Protocoles de reseaux (PRS)'),
		 ('seyree0','Administration systeme (ADS)'),
		 ('mmarflitt7','Administration systeme (ADS)'),
		 ('tbavister8','Administration systeme (ADS)'),
		 ('omadrella', 'Administration systeme (ADS)'),
		 ('cpopescub', 'Administration systeme (ADS)'),
		 ('lbeadelld', 'Administration systeme (ADS)'),
		 ('etrimmillc','Administration systeme (ADS)'),
		 ('jkippencr','Administration systeme (ADS)'),
		 ('wcayetcs', 'Administration systeme (ADS)'),
		 ('fsoaresct','Administration systeme (ADS)'),
		 ('cwoolescu','Administration systeme (ADS)'),
		 ('mbonefantb4','Administration systeme (ADS)'),
		 ('dmacnellyb5','Administration systeme (ADS)'),
		 ('dpeterffyb6','Administration systeme (ADS)'),
		 ('asibbornb9', 'Administration systeme (ADS)'),
		 ('seyree0','LAN filaires et sans fils (LAN)'),
		 ('mmarflitt7','LAN filaires et sans fils (LAN)'),
		 ('tbavister8','LAN filaires et sans fils (LAN)'),
		 ('omadrella', 'LAN filaires et sans fils (LAN)'),
		 ('cpopescub', 'LAN filaires et sans fils (LAN)'),
		 ('lbeadelld', 'LAN filaires et sans fils (LAN)'),
		 ('etrimmillc','LAN filaires et sans fils (LAN)'),
		 ('jkippencr','LAN filaires et sans fils (LAN)'),
		 ('wcayetcs', 'LAN filaires et sans fils (LAN)'),
		 ('fsoaresct','LAN filaires et sans fils (LAN)'),
		 ('cwoolescu','LAN filaires et sans fils (LAN)'),
		 ('seyree0','Couche physique et liaison (CPL)'),
		 ('mmarflitt7','Couche physique et liaison (CPL)'),
		 ('tbavister8','Couche physique et liaison (CPL)'),
		 ('omadrella', 'Couche physique et liaison (CPL)'),
		 ('cpopescub', 'Couche physique et liaison (CPL)'),
		 ('lbeadelld', 'Couche physique et liaison (CPL)'),
		 ('etrimmillc','Couche physique et liaison (CPL)'),
		 ('jkippencr','Couche physique et liaison (CPL)'),
		 ('wcayetcs', 'Couche physique et liaison (CPL)'),
		 ('fsoaresct','Couche physique et liaison (CPL)'),
		 ('cwoolescu','Couche physique et liaison (CPL)'),
		 ('seyree0','Probabilites et statistiques (PST)'),
		 ('mmarflitt7','Probabilites et statistiques (PST)'),
		 ('tbavister8','Probabilites et statistiques (PST)'),
		 ('omadrella', 'Probabilites et statistiques (PST)'),
		 ('cpopescub', 'Probabilites et statistiques (PST)'),
		 ('lbeadelld', 'Probabilites et statistiques (PST)'),
		 ('etrimmillc','Probabilites et statistiques (PST)'),
		 ('mbonefantb4','Probabilites et statistiques (PST)'),
		 ('dmacnellyb5','Probabilites et statistiques (PST)'),
		 ('dpeterffyb6','Probabilites et statistiques (PST)'),
		 ('asibbornb9', 'Probabilites et statistiques (PST)'),
		 ('mmarflitt7','Physique pour TIC (PHY)'),
		 ('tbavister8','Physique pour TIC (PHY)'),
		 ('jkippencr','Physique pour TIC (PHY)'),
		 ('wcayetcs', 'Physique pour TIC (PHY)'),
		 ('fsoaresct','Physique pour TIC (PHY)'),
		 ('cwoolescu','Physique pour TIC (PHY)'),		 
		 ('mmarflitt7','Planification de reseaux (PLR)'),
		 ('tbavister8','Planification de reseaux (PLR)'),
		 ('mbonefantb4','Planification de reseaux (PLR)'),
		 ('dmacnellyb5','Planification de reseaux (PLR)'),
		 ('dpeterffyb6','Planification de reseaux (PLR)'),
		 ('asibbornb9', 'Planification de reseaux (PLR)'),
		 ('mmarflitt7','Routage avance (RTA)'),
		 ('tbavister8','Routage avance (RTA)'),
		 ('mbonefantb4','Routage avance (RTA)'),
		 ('dmacnellyb5','Routage avance (RTA)'),
		 ('dpeterffyb6','Routage avance (RTA)'),
		 ('asibbornb9', 'Routage avance (RTA)'),
		 ('omadrella', 'Securite des technologies internet (STI)'),
		 ('cpopescub', 'Securite des technologies internet (STI)'),
		 ('lbeadelld', 'Securite des technologies internet (STI)'),
		 ('etrimmillc','Securite des technologies internet (STI)'),
		 ('mbonefantb4','Securite des technologies internet (STI)'),
		 ('dmacnellyb5','Securite des technologies internet (STI)'),
		 ('dpeterffyb6','Securite des technologies internet (STI)'),
		 ('asibbornb9', 'Securite des technologies internet (STI)'),
		 ('omadrella', 'Securite des systemes d exploitation (SOS)'),
		 ('cpopescub', 'Securite des systemes d exploitation (SOS)'),
		 ('lbeadelld', 'Securite des systemes d exploitation (SOS)'),
		 ('etrimmillc','Securite des systemes d exploitation (SOS)'),
		 ('jmeinscy','Securite des systemes d exploitation (SOS)'),
		 ('ckunccz', 'Securite des systemes d exploitation (SOS)'),
		 ('omadrella', 'Securite des reseaux (SRX)'),
		 ('cpopescub', 'Securite des reseaux (SRX)'),
		 ('lbeadelld', 'Securite des reseaux (SRX)'),
		 ('etrimmillc','Securite des reseaux (SRX)'),
		 ('omadrella', 'Serialisation (SER)'),
		 ('cpopescub', 'Serialisation (SER)'),
		 ('lbeadelld', 'Serialisation (SER)'),
		 ('etrimmillc','Serialisation (SER)'),
		 ('omadrella', 'Reseaux (RES)'),
		 ('cpopescub', 'Reseaux (RES)'),
		 ('lbeadelld', 'Reseaux (RES)'),
		 ('etrimmillc','Reseaux (RES)'),
		 ('omadrella', 'Signaux analogiques et numeriques (SIG)'),
		 ('cpopescub', 'Signaux analogiques et numeriques (SIG)'),
		 ('lbeadelld', 'Signaux analogiques et numeriques (SIG)'),
		 ('etrimmillc','Signaux analogiques et numeriques (SIG)'),
		 ('omadrella', 'Programmation orientee objet 1 (POO1)'),
		 ('cpopescub', 'Programmation orientee objet 1 (POO1)'),
		 ('lbeadelld', 'Programmation orientee objet 1 (POO1)'),
		 ('etrimmillc','Programmation orientee objet 1 (POO1)'),
		 ('omadrella', 'Bases de donnees relationnelles (BDR)'),
		 ('cpopescub', 'Bases de donnees relationnelles (BDR)'),
		 ('lbeadelld', 'Bases de donnees relationnelles (BDR)'),
		 ('etrimmillc','Bases de donnees relationnelles (BDR)'),
		 ('omadrella', 'Algorithmes et structures de donnees 2 (ASD2)'),
		 ('cpopescub', 'Algorithmes et structures de donnees 2 (ASD2)'),
		 ('lbeadelld', 'Algorithmes et structures de donnees 2 (ASD2)'),
		 ('etrimmillc','Algorithmes et structures de donnees 2 (ASD2)'),
		 ('mbonefantb4','Gestion d entreprise pour TIC (GET)'),
		 ('dmacnellyb5','Gestion d entreprise pour TIC (GET)'),
		 ('dpeterffyb6','Gestion d entreprise pour TIC (GET)'),
		 ('asibbornb9', 'Gestion d entreprise pour TIC (GET)'),
		 ('mbonefantb4','Transmission et modulation (TRM)'), 
		 ('dmacnellyb5','Transmission et modulation (TRM)'), 
		 ('dpeterffyb6','Transmission et modulation (TRM)'), 
		 ('asibbornb9', 'Transmission et modulation (TRM)'), 		 
		 ('mbonefantb4','Storage Area Networking (SAN)'),
		 ('dmacnellyb5','Storage Area Networking (SAN)'),
		 ('dpeterffyb6','Storage Area Networking (SAN)'),
		 ('asibbornb9', 'Storage Area Networking (SAN)'),
		 ('mbonefantb4','Teletrafic (TTR)'),
		 ('dmacnellyb5','Teletrafic (TTR)'),
		 ('dpeterffyb6','Teletrafic (TTR)'),
		 ('asibbornb9', 'Teletrafic (TTR)'),
		 ('omadrella', 'Systemes d exploitation (SYE)'),
		 ('cpopescub', 'Systemes d exploitation (SYE)'),
		 ('lbeadelld', 'Systemes d exploitation (SYE)'),
		 ('etrimmillc','Systemes d exploitation (SYE)'),
		 ('mbonefantb4','Systemes d exploitation (SYE)'),
		 ('dmacnellyb5','Systemes d exploitation (SYE)'),
		 ('dpeterffyb6','Systemes d exploitation (SYE)'),
		 ('asibbornb9', 'Systemes d exploitation (SYE)'),
		 ('mbonefantb4','Programmation concurrente (PCO)'),
		 ('dmacnellyb5','Programmation concurrente (PCO)'),
		 ('dpeterffyb6','Programmation concurrente (PCO)'),
		 ('asibbornb9', 'Programmation concurrente (PCO)'),
		 ('omadrella', 'Programmation concurrente (PCO)'),
		 ('cpopescub', 'Programmation concurrente (PCO)'),
		 ('lbeadelld', 'Programmation concurrente (PCO)'),
		 ('etrimmillc','Programmation concurrente (PCO)'),
		 ('mbonefantb4','Cloud Computing (CLD)'),
		 ('dmacnellyb5','Cloud Computing (CLD)'),
		 ('dpeterffyb6','Cloud Computing (CLD)'),
		 ('asibbornb9', 'Cloud Computing (CLD)'),
		 ('omadrella', 'Cloud Computing (CLD)'),
		 ('cpopescub', 'Cloud Computing (CLD)'),
		 ('lbeadelld', 'Cloud Computing (CLD)'),
		 ('etrimmillc','Cloud Computing (CLD)'),
		 ('omadrella', 'Securite des reseaux sans fil (SWI)'),
		 ('cpopescub', 'Securite des reseaux sans fil (SWI)'),
		 ('lbeadelld', 'Securite des reseaux sans fil (SWI)'),
		 ('etrimmillc','Securite des reseaux sans fil (SWI)'),
		 ('mbonefantb4','Projet de semestre (PRO)'),
		 ('dmacnellyb5','Projet de semestre (PRO)'),
		 ('dpeterffyb6','Projet de semestre (PRO)'),
		 ('asibbornb9', 'Projet de semestre (PRO)'),
		 ('jkippencr','Projet de semestre (PRO)'),
		 ('wcayetcs', 'Projet de semestre (PRO)'),
		 ('fsoaresct','Projet de semestre (PRO)'),
		 ('cwoolescu','Projet de semestre (PRO)'),
		 ('omadrella', 'Projet de semestre (PRO)'),
		 ('cpopescub', 'Projet de semestre (PRO)'),
		 ('lbeadelld', 'Projet de semestre (PRO)'),
		 ('etrimmillc','Projet de semestre (PRO)'),
		 ('omadrella', 'Administration IT (AIT)'),
		 ('cpopescub', 'Administration IT (AIT)'),
		 ('lbeadelld', 'Administration IT (AIT)'),
		 ('etrimmillc','Administration IT (AIT)'),
		 ('omadrella', 'Applications multi-tiers (AMT)'),
		 ('cpopescub', 'Applications multi-tiers (AMT)'),
		 ('lbeadelld', 'Applications multi-tiers (AMT)'),
		 ('etrimmillc','Applications multi-tiers (AMT)'),
		 ('omadrella', 'Gestion de reseaux (GRX)'),
		 ('cpopescub', 'Gestion de reseaux (GRX)'),
		 ('lbeadelld', 'Gestion de reseaux (GRX)'),
		 ('etrimmillc','Gestion de reseaux (GRX)');